source,fund,as_of_date,ticker,normalized_ticker,identifier,name,instrument_type,option_type,is_derivative,shares,price,market_value,weight_pct
blueprint,TFPN,04/20/2026,3YM6 Comdty,3YM6 Comdty,3YM6 COMDTY,US 3YR NOTE (CBT) Jun26,future,,True,-24.0,106.019531,-5088937.49,-3.38
blueprint,TFPN,04/20/2026,A,A,00846U101,Agilent Technologies Inc,equity,,False,-2702.0,121.87,-329292.74,-0.22
blueprint,TFPN,04/20/2026,ABT,ABT,002824100,Abbott Laboratories,equity,,False,-5701.0,96.81,-551913.81,-0.37
blueprint,TFPN,04/20/2026,ACGL,ACGL,G0450A105,Arch Capital Group Ltd,equity,,False,10528.0,97.59,1027427.52,0.68
blueprint,TFPN,04/20/2026,ACN,ACN,G1151C101,Accenture PLC,equity,,False,-2185.0,197.65,-431865.25,-0.29
blueprint,TFPN,04/20/2026,ADBE,ADBE,00724F101,Adobe Inc,equity,,False,-1775.0,244.45,-433898.75,-0.29
blueprint,TFPN,04/20/2026,ADM,ADM,039483102,Archer-Daniels-Midland Co,equity,,False,9750.0,67.04,653640.0,0.43
blueprint,TFPN,04/20/2026,ADP,ADP,053015103,Automatic Data Processing Inc,equity,,False,-2980.0,200.47,-597400.6,-0.4
blueprint,TFPN,04/20/2026,ADSK  260618C00250000,ADSK  260618C00250000,ADSK  260618C00250000,ADSK US 06/18/26 C250,option,call,True,-11.0,14.65,-16115.0,-0.01
blueprint,TFPN,04/20/2026,ADSK  260618P00250000,ADSK  260618P00250000,ADSK  260618P00250000,ADSK US 06/18/26 P250,option,put,True,11.0,20.4,22440.0,0.01
blueprint,TFPN,04/20/2026,AEM,AEM,008474108,Agnico Eagle Mines Ltd,equity,,False,8180.0,220.1,1800418.0,1.2
blueprint,TFPN,04/20/2026,AGCO,AGCO,001084102,AGCO Corp,equity,,False,3619.0,118.6,429213.4,0.28
blueprint,TFPN,04/20/2026,AGI,AGI,011532108,Alamos Gold Inc,equity,,False,17560.0,49.35,866586.0,0.58
blueprint,TFPN,04/20/2026,AI FP,AI FP,B1YXBJ7,AIR LIQUIDE SA,equity,,False,3664.0,186.04,805305.17,0.53
blueprint,TFPN,04/20/2026,AJG,AJG,363576109,Arthur J Gallagher & Co,equity,,False,-2395.0,221.61,-530755.95,-0.35
blueprint,TFPN,04/20/2026,ALB,ALB,012653101,Albemarle Corp,equity,,False,2764.0,197.75,546581.0,0.36
blueprint,TFPN,04/20/2026,AMD,AMD,007903107,Advanced Micro Devices Inc,equity,,False,2325.0,278.39,647256.75,0.43
blueprint,TFPN,04/20/2026,AMP,AMP,03076C106,Ameriprise Financial Inc,equity,,False,-1582.0,456.2,-721708.4,-0.48
blueprint,TFPN,04/20/2026,AMR,AMR,020764106,Alpha Metallurgical Resources Inc,equity,,False,1494.0,191.7,286399.8,0.19
blueprint,TFPN,04/20/2026,AMT,AMT,03027X100,AMERICAN TOWER CORP,equity,,False,-3043.0,182.36,-554921.48,-0.37
blueprint,TFPN,04/20/2026,AMX,AMX,02390A101,America Movil SAB de CV,equity,,False,37043.0,26.37,976823.91,0.65
blueprint,TFPN,04/20/2026,AON,AON,G0403H108,Aon PLC,equity,,False,-2122.0,331.8,-704079.6,-0.47
blueprint,TFPN,04/20/2026,APD   260618C00290000,APD   260618C00290000,APD   260618C00290000,APD US 06/18/26 C290,option,call,True,24.0,14.95,35880.0,0.02
blueprint,TFPN,04/20/2026,APD   260618P00290000,APD   260618P00290000,APD   260618P00290000,APD US 06/18/26 P290,option,put,True,-24.0,11.25,-27000.0,-0.02
blueprint,TFPN,04/20/2026,APLD,APLD,038169207,Applied Digital Corp,equity,,False,13165.0,31.53,415092.45,0.28
blueprint,TFPN,04/20/2026,ARE,ARE,015271109,Alexandria Real Estate Equities Inc,equity,,False,-6992.0,48.63,-340020.96,-0.23
blueprint,TFPN,04/20/2026,AS,AS,G0260P102,Amer Sports Inc,equity,,False,8479.0,37.11,314655.69,0.21
blueprint,TFPN,04/20/2026,ASDZ26 Index,ASDZ26 Index,ASDZ26 INDEX,S&P 500 Annl Div  Dec26,index,,False,349.0,82.2,7171950.0,4.76
blueprint,TFPN,04/20/2026,ASDZ27 Index,ASDZ27 Index,ASDZ27 INDEX,S&P 500 Annl Div  Dec27,index,,False,219.0,82.8,4533300.0,3.01
blueprint,TFPN,04/20/2026,ASDZ28 Index,ASDZ28 Index,ASDZ28 INDEX,S&P 500 Annl Div  Dec28,index,,False,7.0,82.35,144112.5,0.1
blueprint,TFPN,04/20/2026,ATI,ATI,01741R102,ATI Inc,equity,,False,3794.0,164.66,624720.04,0.41
blueprint,TFPN,04/20/2026,ATMU,ATMU,04956D107,Atmus Filtration Technologies Inc,equity,,False,12726.0,63.38,806573.88,0.54
blueprint,TFPN,04/20/2026,AU,AU,G0378L100,Anglogold Ashanti Plc,equity,,False,14472.0,109.15,1579618.8,1.05
blueprint,TFPN,04/20/2026,AUD,AUD,AUDCAD052026,AUD/CAD FWD  052026,equity,,False,4121000.0,1.0,13905.25,0.01
blueprint,TFPN,04/20/2026,AUD,AUD,AUDCHF052026,AUD/CHF FWD  052026,equity,,False,2560000.0,1.0,6488.65,0.0
blueprint,TFPN,04/20/2026,AUD,AUD,AUDCNH052026,AUD/CNH FWD  052026,equity,,False,3301000.0,1.0,30767.13,0.02
blueprint,TFPN,04/20/2026,AUD,AUD,AUDEUR052026,AUD/EUR FWD  052026,equity,,False,3270933.27,1.0,16212.0,0.01
blueprint,TFPN,04/20/2026,AUD,AUD,AUDGBP052026,AUD/GBP FWD  052026,equity,,False,3759394.18,1.0,16337.43,0.01
blueprint,TFPN,04/20/2026,AUD,AUD,AUDJPY052026,AUD/JPY FWD  052026,equity,,False,3313000.0,1.0,23634.52,0.02
blueprint,TFPN,04/20/2026,AUD,AUD,AUDNZD052026,AUD/NZD FWD  052026,equity,,False,6912000.0,1.0,35262.82,0.02
blueprint,TFPN,04/20/2026,AUD,AUD,AUDUSD061726,AUD/USD FWD  061726,equity,,False,3121000.0,1.0,12623.09,0.01
blueprint,TFPN,04/20/2026,AWI,AWI,04247X102,Armstrong World Industries Inc,equity,,False,798.0,179.52,143256.96,0.1
blueprint,TFPN,04/20/2026,AWK,AWK,030420103,American Water Works Co Inc,equity,,False,-5435.0,131.61,-715300.35,-0.47
blueprint,TFPN,04/20/2026,AXU6 Comdty,AXU6 Comdty,AXU6 COMDTY,INT'L ARABICA COF Sep26,future,,True,10.0,331.35,331350.0,0.22
blueprint,TFPN,04/20/2026,AZZ,AZZ,002474104,AZZ Inc,equity,,False,16194.0,137.24,2222464.56,1.48
blueprint,TFPN,04/20/2026,BA,BA,097023105,Boeing Co/The,equity,,False,2249.0,223.38,502381.62,0.33
blueprint,TFPN,04/20/2026,BBD/B CN,BBD/B CN,BN33PL2,Bombardier Inc,equity,,False,6105.0,267.0,1192723.08,0.79
blueprint,TFPN,04/20/2026,BC,BC,117043109,Brunswick Corp/DE,equity,,False,5412.0,81.23,439616.76,0.29
blueprint,TFPN,04/20/2026,BCPC,BCPC,057665200,Balchem Corp,equity,,False,3877.0,177.66,688787.82,0.46
blueprint,TFPN,04/20/2026,BDX,BDX,075887109,Becton Dickinson & Co,equity,,False,3943.0,158.54,625123.22,0.42
blueprint,TFPN,04/20/2026,BE,BE,093712107,Bloom Energy Corp,equity,,False,8776.0,207.86,1824179.36,1.21
blueprint,TFPN,04/20/2026,BF/B,BF/B,115637209,Brown-Forman Corp,equity,,False,-14363.0,29.15,-418681.45,-0.28
blueprint,TFPN,04/20/2026,BG,BG,H11356104,Bunge Global SA,equity,,False,5220.0,119.26,622537.2,0.41
blueprint,TFPN,04/20/2026,BHP,BHP,088606108,BHP Group Ltd,equity,,False,10854.0,80.45,873204.3,0.58
blueprint,TFPN,04/20/2026,BIIB,BIIB,09062X103,Biogen Inc,equity,,False,3544.0,177.35,628528.4,0.42
blueprint,TFPN,04/20/2026,BMW GR,BMW GR,5756029,Bayerische Motoren Werke AG,equity,,False,2467.0,84.22,245461.33,0.16
blueprint,TFPN,04/20/2026,BNS,BNS,064149107,Bank of Nova Scotia/The,equity,,False,18768.0,76.56,1436878.08,0.95
blueprint,TFPN,04/20/2026,BON6 Comdty,BON6 Comdty,BON6 COMDTY,SOYBEAN OIL FUTR  Jul26,future,,True,14.0,67.91,570444.0,0.38
blueprint,TFPN,04/20/2026,BP,BP,055622104,BP PLC,equity,,False,21366.0,44.59,952709.94,0.63
blueprint,TFPN,04/20/2026,BRK/B,BRK/B,084670702,Berkshire Hathaway Inc,equity,,False,-443.0,474.58,-210238.94,-0.14
blueprint,TFPN,04/20/2026,BRL,BRL,BRLUSD061726,BRL/USD FWD  061726,equity,,False,6660000.0,1.0,53037.24,0.04
blueprint,TFPN,04/20/2026,BSX,BSX,101137107,Boston Scientific Corp,equity,,False,-7441.0,64.23,-477935.43,-0.32
blueprint,TFPN,04/20/2026,BTDR,BTDR,G11448100,Bitdeer Technologies Group,equity,,False,2651.0,12.89,34171.39,0.02
blueprint,TFPN,04/20/2026,BTSM6 Comdty,BTSM6 Comdty,BTSM6 COMDTY,Short Euro-BTP Fu Jun26,future,,True,-85.0,106.52,-10696674.35,-7.1
blueprint,TFPN,04/20/2026,BUD,BUD,03524A108,Anheuser-Busch InBev SA/NV,equity,,False,9971.0,75.76,755402.96,0.5
blueprint,TFPN,04/20/2026,BWXT,BWXT,05605H100,BWX Technologies Inc,equity,,False,4216.0,235.78,994048.48,0.66
blueprint,TFPN,04/20/2026,C N6 Comdty,C N6 Comdty,C N6 COMDTY,CORN FUTURE       Jul26,future,,True,-11.0,457.5,-251625.0,-0.17
blueprint,TFPN,04/20/2026,CAD,CAD,CADGBP052026,CAD/GBP FWD  052026,equity,,False,3744684.48,1.0,2788.69,0.0
blueprint,TFPN,04/20/2026,CAD,CAD,CADJPY052026,CAD/JPY FWD  052026,equity,,False,2304000.0,1.0,7703.09,0.01
blueprint,TFPN,04/20/2026,CAD,CAD,CADNZD052026,CAD/NZD FWD  052026,equity,,False,3002340.55,1.0,2947.8,0.0
blueprint,TFPN,04/20/2026,CAD,CAD,CADUSD061726,CAD/USD FWD  061726,equity,,False,-2640000.0,1.0,11620.68,0.01
blueprint,TFPN,04/20/2026,CAD,CAD,CASHCAD,CANADIAN DOLLAR,equity,,False,-319.23,1.0,-233.59,0.0
blueprint,TFPN,04/20/2026,CAG,CAG,205887102,CONAGRA BRANDS INC,equity,,False,-21385.0,14.86,-317781.1,-0.21
blueprint,TFPN,04/20/2026,CAK6 Comdty,CAK6 Comdty,CAK6 COMDTY,MILL WHEAT EURO   May26,future,,True,-26.0,191.25,-293726.74,-0.2
blueprint,TFPN,04/20/2026,CALM,CALM,128030202,Cal-Maine Foods Inc,equity,,False,-4105.0,76.6,-314443.0,-0.21
blueprint,TFPN,04/20/2026,CCI,CCI,22822V101,Crown Castle Inc,equity,,False,-8609.0,88.71,-763704.39,-0.51
blueprint,TFPN,04/20/2026,CCJ,CCJ,13321L108,Cameco Corp,equity,,False,5715.0,120.66,689571.9,0.46
blueprint,TFPN,04/20/2026,CCK,CCK,228368106,Crown Holdings Inc,equity,,False,4492.0,107.15,481317.8,0.32
blueprint,TFPN,04/20/2026,CDW,CDW,12514G108,CDW Corp/DE,equity,,False,-5405.0,133.96,-724053.8,-0.48
blueprint,TFPN,04/20/2026,CF,CF,125269100,CF Industries Holdings Inc,equity,,False,3775.0,112.68,425367.0,0.28
blueprint,TFPN,04/20/2026,CHF,CHF,CADCHF052026,CHF/CAD FWD  052026,equity,,False,993389.1,1.0,-123.76,0.0
blueprint,TFPN,04/20/2026,CHF,CHF,CASHCHF,SWISS FRANC,equity,,False,-394.51,1.0,-506.53,0.0
blueprint,TFPN,04/20/2026,CHF,CHF,CHFEUR052026,CHF/EUR FWD  052026,equity,,False,1387901.22,1.0,3976.58,0.0
blueprint,TFPN,04/20/2026,CHF,CHF,CHFGBP052026,CHF/GBP FWD  052026,equity,,False,1046559.5,1.0,2362.48,0.0
blueprint,TFPN,04/20/2026,CHF,CHF,CHFJPY052026,CHF/JPY FWD  052026,equity,,False,1884000.0,1.0,12951.17,0.01
blueprint,TFPN,04/20/2026,CHF,CHF,CHFSEK052026,CHF/SEK FWD  052026,equity,,False,431000.0,1.0,-2660.43,0.0
blueprint,TFPN,04/20/2026,CHF,CHF,CHFUSD061726,CHF/USD FWD  061726,equity,,False,-304000.0,1.0,-49861.85,-0.03
blueprint,TFPN,04/20/2026,CHRW,CHRW,12541W209,CH Robinson Worldwide Inc,equity,,False,4522.0,182.24,824089.28,0.55
blueprint,TFPN,04/20/2026,CLH,CLH,184496107,CLEAN HARBORS INC COM,equity,,False,3694.0,300.7,1110785.8,0.74
blueprint,TFPN,04/20/2026,CLM6 Comdty,CLM6 Comdty,CLM6 COMDTY,WTI CRUDE FUTURE  Jun26,future,,True,6.0,82.59,495540.0,0.33
blueprint,TFPN,04/20/2026,CLP,CLP,CLPUSD061726,CLP/USD FWD  061726,equity,,False,1659640000.0,1.0,40349.78,0.03
blueprint,TFPN,04/20/2026,CMG,CMG,169656105,Chipotle Mexican Grill Inc,equity,,False,-16348.0,35.83,-585748.84,-0.39
blueprint,TFPN,04/20/2026,CNC,CNC,15135B101,Centene Corp,equity,,False,-11878.0,38.17,-453383.26,-0.3
blueprint,TFPN,04/20/2026,CNH,CNH,CADCNH052026,CNH/CAD FWD  052026,equity,,False,25184000.0,1.0,-36133.84,-0.02
blueprint,TFPN,04/20/2026,CNH,CNH,CHFCNH052026,CNH/CHF FWD  052026,equity,,False,15472414.27,1.0,-23516.69,-0.02
blueprint,TFPN,04/20/2026,CNH,CNH,CNHEUR052026,CNH/EUR FWD  052026,equity,,False,25730000.0,1.0,-28109.98,-0.02
blueprint,TFPN,04/20/2026,CNH,CNH,CNHGBP052026,CNH/GBP FWD  052026,equity,,False,13479104.0,1.0,-14302.24,-0.01
blueprint,TFPN,04/20/2026,CNH,CNH,CNHJPY052026,CNH/JPY FWD  052026,equity,,False,13687000.0,1.0,-8514.62,-0.01
blueprint,TFPN,04/20/2026,CNH,CNH,CNHSGD052026,CNH/SGD FWD  052026,equity,,False,40082000.0,1.0,-5488.54,0.0
blueprint,TFPN,04/20/2026,CNH,CNH,CNHUSD061726,CNH/USD FWD  061726,equity,,False,52604000.0,1.0,39760.33,0.03
blueprint,TFPN,04/20/2026,CNI,CNI,136375102,Canadian National Railway Co,equity,,False,4735.0,110.29,522223.15,0.35
blueprint,TFPN,04/20/2026,CNM6 Comdty,CNM6 Comdty,CNM6 COMDTY,CAN 10YR BOND FUT Jun26,future,,True,-6.0,120.18,-527625.95,-0.35
blueprint,TFPN,04/20/2026,CNR,CNR,218937100,Core Natural Resources Inc,equity,,False,2873.0,85.97,246991.81,0.16
blueprint,TFPN,04/20/2026,COHR,COHR,19247G107,Coherent Corp,equity,,False,3393.0,345.02,1170652.86,0.78
blueprint,TFPN,04/20/2026,COM6 Comdty,COM6 Comdty,COM6 COMDTY,BRENT CRUDE FUTR  Jun26,future,,True,6.0,90.38,542280.0,0.36
blueprint,TFPN,04/20/2026,COP,COP,COPUSD052026,COP/USD FWD  052026,equity,,False,6133001000.0,1.0,22284.97,0.01
blueprint,TFPN,04/20/2026,COP   260618C00120000,COP   260618C00120000,COP   260618C00120000,COP US 06/18/26 C120,option,call,True,43.0,4.3,18490.0,0.01
blueprint,TFPN,04/20/2026,COP   260618P00120000,COP   260618P00120000,COP   260618P00120000,COP US 06/18/26 P120,option,put,True,-43.0,8.475,-36442.5,-0.02
blueprint,TFPN,04/20/2026,CORH7 Comdty,CORH7 Comdty,CORH7 COMDTY,3M CORRA Futures  Mar27,future,,True,-85.0,97.265,-15123705.78,-10.04
blueprint,TFPN,04/20/2026,CORU7 Comdty,CORU7 Comdty,CORU7 COMDTY,3M CORRA Futures  Sep27,future,,True,-69.0,97.16,-12263637.36,-8.14
blueprint,TFPN,04/20/2026,CP,CP,13646K108,Canadian Pacific Kansas City Ltd,equity,,False,5941.0,81.48,484072.68,0.32
blueprint,TFPN,04/20/2026,CPRT,CPRT,217204106,Copart Inc,equity,,False,-16441.0,33.45,-549951.45,-0.37
blueprint,TFPN,04/20/2026,CRDK6 Comdty,CRDK6 Comdty,CRDK6 COMDTY,Corn Future (BMF) May26,future,,True,-232.0,65.66,-1377095.1,-0.91
blueprint,TFPN,04/20/2026,CRS,CRS,144285103,Carpenter Technology Corp,equity,,False,5322.0,445.69,2371962.18,1.57
blueprint,TFPN,04/20/2026,CTAS,CTAS,172908105,Cintas Corp,equity,,False,-2998.0,179.17,-537151.66,-0.36
blueprint,TFPN,04/20/2026,CTN6 Comdty,CTN6 Comdty,CTN6 COMDTY,COTTON NO.2 FUTR  Jul26,future,,True,24.0,79.82,957840.0,0.64
blueprint,TFPN,04/20/2026,CTVA,CTVA,22052L104,Corteva Inc,equity,,False,13371.0,80.34,1074226.14,0.71
blueprint,TFPN,04/20/2026,CVM6 Comdty,CVM6 Comdty,CVM6 COMDTY,CAN 2YR BOND FUT  Jun26,future,,True,-112.0,105.37,-8635305.31,-5.73
blueprint,TFPN,04/20/2026,CVS,CVS,126650100,CVS Health Corp,equity,,False,8683.0,77.3,671195.9,0.45
blueprint,TFPN,04/20/2026,CWB,CWB,78464A359,State Street SPDR Bloomberg Convertible Securities ETF,equity,,False,18371.0,100.51,1846469.21,1.23
blueprint,TFPN,04/20/2026,CZK,CZK,CZKEUR052026,CZK/EUR FWD  052026,equity,,False,75799192.44,1.0,13252.66,0.01
blueprint,TFPN,04/20/2026,CZK,CZK,CZKUSD061726,CZK/USD FWD  061726,equity,,False,8583000.0,1.0,-5907.51,0.0
blueprint,TFPN,04/20/2026,DAK6 Comdty,DAK6 Comdty,DAK6 COMDTY,MILK FUTURE       May26,future,,True,-18.0,16.97,-610920.0,-0.41
blueprint,TFPN,04/20/2026,DEDZ7 Index,DEDZ7 Index,DEDZ7 INDEX,SX5E Dividend Fut Dec27,future,,True,85.0,176.9,1776419.16,1.18
blueprint,TFPN,04/20/2026,DEDZ8 Index,DEDZ8 Index,DEDZ8 INDEX,SX5E Dividend Fut Dec28,future,,True,98.0,176.9,2048106.8,1.36
blueprint,TFPN,04/20/2026,DG FP,DG FP,B1XH026,Vinci SA,equity,,False,6767.0,137.5,1099252.76,0.73
blueprint,TFPN,04/20/2026,DGE LN,DGE LN,0237400,Diageo PLC,equity,,False,-8980.0,15.202,-185256.9,-0.12
blueprint,TFPN,04/20/2026,DHR,DHR,235851102,Danaher Corp,equity,,False,437.0,194.75,85105.75,0.06
blueprint,TFPN,04/20/2026,DIS,DIS,254687106,Walt Disney Co/The,equity,,False,-3052.0,106.29,-324397.08,-0.22
blueprint,TFPN,04/20/2026,DKK,DKK,DKKUSD052026,DKK/USD FWD  052026,equity,,False,678000.0,1.0,759.51,0.0
blueprint,TFPN,04/20/2026,DRS,DRS,52661A108,Leonardo DRS Inc,equity,,False,9796.0,44.57,436607.72,0.29
blueprint,TFPN,04/20/2026,DUM6 Comdty,DUM6 Comdty,DUM6 COMDTY,EURO-SCHATZ FUT   Jun26,future,,True,-82.0,106.17,-10285238.35,-6.83
blueprint,TFPN,04/20/2026,DVN,DVN,25179M103,Devon Energy Corp,equity,,False,14865.0,44.23,657478.95,0.44
blueprint,TFPN,04/20/2026,EBN6 Comdty,EBN6 Comdty,EBN6 COMDTY,WHEAT FUTURE-SAF  Jul26,future,,True,-238.0,5722.0,-4212780.31,-2.8
blueprint,TFPN,04/20/2026,ECL,ECL,278865100,Ecolab Inc,equity,,False,3706.0,274.8,1018408.8,0.68
blueprint,TFPN,04/20/2026,ELV,ELV,036752103,ELEVANCE HEALTH INC,equity,,False,-323.0,323.05,-104345.15,-0.07
blueprint,TFPN,04/20/2026,EMB,EMB,464288281,iShares J.P. Morgan USD Emerging Markets Bond ETF,equity,,False,13381.0,96.67,1293541.27,0.86
blueprint,TFPN,04/20/2026,EMBJ,EMBJ,29082A107,Embraer SA,equity,,False,14550.0,67.96,988818.0,0.66
blueprint,TFPN,04/20/2026,EQNR,EQNR,29446M102,Equinor ASA,equity,,False,13924.0,35.47,493884.28,0.33
blueprint,TFPN,04/20/2026,EQT,EQT,26884L109,EQT Corp,equity,,False,8770.0,58.48,512869.6,0.34
blueprint,TFPN,04/20/2026,ERU7 Comdty,ERU7 Comdty,ERU7 COMDTY,3MO EURO EURIBOR  Sep27,future,,True,-72.0,97.485,-20730462.52,-13.76
blueprint,TFPN,04/20/2026,ERU8 Comdty,ERU8 Comdty,ERU8 COMDTY,3MO EURO EURIBOR  Sep28,future,,True,-59.0,97.405,-16973521.77,-11.27
blueprint,TFPN,04/20/2026,EUR,EUR,CADEUR052026,EUR/CAD FWD  052026,equity,,False,987000.0,1.0,-3406.89,0.0
blueprint,TFPN,04/20/2026,EUR,EUR,CASHEUR,EURO,equity,,False,-1716.53,1.0,-2027.92,0.0
blueprint,TFPN,04/20/2026,EUR,EUR,EURGBP052026,EUR/GBP FWD  052026,equity,,False,1986000.0,1.0,-3608.62,0.0
blueprint,TFPN,04/20/2026,EUR,EUR,EURJPY052026,EUR/JPY FWD  052026,equity,,False,2082000.0,1.0,5108.0,0.0
blueprint,TFPN,04/20/2026,EUR,EUR,EURPLN052026,EUR/PLN FWD  052026,equity,,False,3292859.85,1.0,-24860.56,-0.02
blueprint,TFPN,04/20/2026,EUR,EUR,EURUSD061726,EUR/USD FWD  061726,equity,,False,-608000.0,1.0,-40326.37,-0.03
blueprint,TFPN,04/20/2026,EW,EW,28176E108,Edwards Lifesciences Corp,equity,,False,9616.0,80.99,778799.84,0.52
blueprint,TFPN,04/20/2026,FCK6 Comdty,FCK6 Comdty,FCK6 COMDTY,CATTLE FEEDER FUT May26,future,,True,10.0,365.275,1826375.0,1.21
blueprint,TFPN,04/20/2026,FERG,FERG,31488V107,Ferguson Enterprises Inc,equity,,False,2187.0,260.49,569691.63,0.38
blueprint,TFPN,04/20/2026,FFG7 Comdty,FFG7 Comdty,FFG7 COMDTY,FED FUND 30DAY    Feb27,future,,True,-60.0,96.535,-24135680.7,-16.03
blueprint,TFPN,04/20/2026,FFX6 Comdty,FFX6 Comdty,FFX6 COMDTY,FED FUND 30DAY    Nov26,future,,True,-33.0,96.475,-13266373.73,-8.81
blueprint,TFPN,04/20/2026,FGXXX,FGXXX,31846V336,First American Government Obligations Fund 12/01/2031,equity,,False,15472339.15,100.0,15472339.15,10.27
blueprint,TFPN,04/20/2026,FIS,FIS,31620M106,Fidelity National Information Services Inc,equity,,False,-10430.0,48.5,-505855.0,-0.34
blueprint,TFPN,04/20/2026,FISV,FISV,337738108,Fiserv Inc,equity,,False,-7009.0,63.97,-448365.73,-0.3
blueprint,TFPN,04/20/2026,FNK6 Comdty,FNK6 Comdty,FNK6 COMDTY,UK Natural Gas FutMay26,future,,True,5.0,97.11,204264.54,0.14
blueprint,TFPN,04/20/2026,FRO,FRO,M46528101,Frontline PLC,equity,,False,18109.0,37.13,672387.17,0.45
blueprint,TFPN,04/20/2026,FVM6 Comdty,FVM6 Comdty,FVM6 COMDTY,US 5YR NOTE (CBT) Jun26,future,,True,-33.0,108.640625,-3585140.63,-2.38
blueprint,TFPN,04/20/2026,FWONK,FWONK,531229755,Liberty Media Corp-Liberty Formula One,equity,,False,-6036.0,90.48,-546137.28,-0.36
blueprint,TFPN,04/20/2026,G M6 Comdty,G M6 Comdty,G M6 COMDTY,LONG GILT FUTURE  Jun26,future,,True,-8.0,89.15,-967851.38,-0.64
blueprint,TFPN,04/20/2026,GATX,GATX,361448103,GATX Corp,equity,,False,4789.0,198.51,950664.39,0.63
blueprint,TFPN,04/20/2026,GBP,GBP,CASHGBP,BRITISH POUNDS,equity,,False,-674.93,1.0,-915.92,0.0
blueprint,TFPN,04/20/2026,GBP,GBP,GBPJPY052026,GBP/JPY FWD  052026,equity,,False,921000.0,1.0,3474.0,0.0
blueprint,TFPN,04/20/2026,GBP,GBP,GBPUSD061726,GBP/USD FWD  061726,equity,,False,1055000.0,1.0,15537.35,0.01
blueprint,TFPN,04/20/2026,GCM6 Comdty,GCM6 Comdty,GCM6 COMDTY,GOLD 100 OZ FUTR  Jun26,future,,True,5.0,4879.6,2439800.0,1.62
blueprint,TFPN,04/20/2026,GD,GD,369550108,General Dynamics Corp,equity,,False,2686.0,336.29,903274.94,0.6
blueprint,TFPN,04/20/2026,GEV,GEV,36828A101,GE Vernova Inc,equity,,False,839.0,1002.75,841307.25,0.56
blueprint,TFPN,04/20/2026,GFF,GFF,398433102,Griffon Corp,equity,,False,5771.0,87.81,506751.51,0.34
blueprint,TFPN,04/20/2026,GIS,GIS,370334104,General Mills Inc,equity,,False,-12278.0,35.5,-435869.0,-0.29
blueprint,TFPN,04/20/2026,GLNG,GLNG,G9456A100,Golar LNG Ltd,equity,,False,19246.0,51.84,997712.64,0.66
blueprint,TFPN,04/20/2026,GLXY,GLXY,36317J209,Galaxy Digital Inc,equity,,False,4159.0,25.84,107468.56,0.07
blueprint,TFPN,04/20/2026,GSK,GSK,37733W204,GSK PLC,equity,,False,12902.0,58.35,752831.7,0.5
blueprint,TFPN,04/20/2026,GVA,GVA,387328107,Granite Construction Inc,equity,,False,5235.0,124.27,650553.45,0.43
blueprint,TFPN,04/20/2026,GWW,GWW,384802104,WW Grainger Inc,equity,,False,838.0,1162.94,974543.72,0.65
blueprint,TFPN,04/20/2026,HAL,HAL,406216101,Halliburton Co,equity,,False,16181.0,37.15,601124.15,0.4
blueprint,TFPN,04/20/2026,HCC,HCC,93627C101,Warrior Met Coal Inc,equity,,False,5744.0,86.37,496109.28,0.33
blueprint,TFPN,04/20/2026,HDB,HDB,40415F101,HDFC BANK LTD - ADR,equity,,False,-20567.0,27.51,-565798.17,-0.38
blueprint,TFPN,04/20/2026,HGK6 Comdty,HGK6 Comdty,HGK6 COMDTY,COPPER FUTURE     May26,future,,True,4.0,611.45,611450.0,0.41
blueprint,TFPN,04/20/2026,HII,HII,446413106,Huntington Ingalls Industries Inc,equity,,False,2317.0,394.81,914774.77,0.61
blueprint,TFPN,04/20/2026,HKD,HKD,CASHHKD,HONG KONG DOLLAR,equity,,False,-79566.17,1.0,-10161.71,-0.01
blueprint,TFPN,04/20/2026,HOM6 Comdty,HOM6 Comdty,HOM6 COMDTY,NY Harb ULSD Fut  Jun26,future,,True,5.0,330.19,693399.0,0.46
blueprint,TFPN,04/20/2026,HRL,HRL,440452100,Hormel Foods Corp,equity,,False,-15360.0,21.19,-325478.4,-0.22
blueprint,TFPN,04/20/2026,HSY,HSY,427866108,Hershey Co/The,equity,,False,3179.0,192.63,612370.77,0.41
blueprint,TFPN,04/20/2026,HUF,HUF,EURHUF052026,HUF/EUR FWD  052026,equity,,False,1342073651.0,1.0,181442.0,0.12
blueprint,TFPN,04/20/2026,HUF,HUF,HUFUSD061726,HUF/USD FWD  061726,equity,,False,436676000.0,1.0,125847.31,0.08
blueprint,TFPN,04/20/2026,IBN,IBN,45104G104,ICICI Bank Ltd,equity,,False,-29128.0,28.8,-838886.4,-0.56
blueprint,TFPN,04/20/2026,IBYM6 Index,IBYM6 Index,IBYM6 INDEX,iBoxx iSh $HY Fut Jun26,future,,True,11.0,182.63,2008930.0,1.33
blueprint,TFPN,04/20/2026,IDR,IDR,IDRUSD052026,IDR/USD FWD  052026,equity,,False,-54960000000.0,1.0,16026.99,0.01
blueprint,TFPN,04/20/2026,IDXX,IDXX,45168D104,IDEXX Laboratories Inc,equity,,False,766.0,589.25,451365.5,0.3
blueprint,TFPN,04/20/2026,IHBM6 Index,IHBM6 Index,IHBM6 INDEX,iBoxx iSh $IG Fut Jun26,future,,True,-1.0,148.05,-148050.0,-0.1
blueprint,TFPN,04/20/2026,IJQ6 Comdty,IJQ6 Comdty,IJQ6 COMDTY,RAPESEED  EURO    Aug26,future,,True,21.0,488.0,605351.76,0.4
blueprint,TFPN,04/20/2026,IKM6 Comdty,IKM6 Comdty,IKM6 COMDTY,Euro-BTP Future   Jun26,future,,True,-11.0,118.52,-1540220.92,-1.02
blueprint,TFPN,04/20/2026,ILMN,ILMN,452327109,Illumina Inc,equity,,False,3166.0,134.5,425827.0,0.28
blueprint,TFPN,04/20/2026,ILS,ILS,ILSUSD061726,ILS/USD FWD  061726,equity,,False,6272000.0,1.0,94098.0,0.06
blueprint,TFPN,04/20/2026,INGR,INGR,457187102,Ingredion Inc,equity,,False,-8206.0,115.25,-945741.5,-0.63
blueprint,TFPN,04/20/2026,INR,INR,INRUSD061726,INR/USD FWD  061726,equity,,False,-291000000.0,1.0,5490.51,0.0
blueprint,TFPN,04/20/2026,INVH,INVH,46187W107,Invitation Homes Inc,equity,,False,-20935.0,27.03,-565873.05,-0.38
blueprint,TFPN,04/20/2026,IREN,IREN,Q4982L109,IREN Ltd,equity,,False,15434.0,48.12,742684.08,0.49
blueprint,TFPN,04/20/2026,IRH7 Comdty,IRH7 Comdty,IRH7 COMDTY,90-DAY BANK BILL  Mar27,future,,True,-141.0,95.24,-9670776.32,-6.42
blueprint,TFPN,04/20/2026,IRU7 Comdty,IRU7 Comdty,IRU7 COMDTY,90-DAY BANK BILL  Sep27,future,,True,-126.0,95.33,-8650136.83,-5.74
blueprint,TFPN,04/20/2026,ITT,ITT,45073V108,ITT Inc,equity,,False,6296.0,219.02,1378949.92,0.92
blueprint,TFPN,04/20/2026,JBM6 Comdty,JBM6 Comdty,JBM6 COMDTY,JPN 10Y BOND(OSE) Jun26,future,,True,-7.0,129.97,-5763271.25,-3.83
blueprint,TFPN,04/20/2026,JOAU6 Comdty,JOAU6 Comdty,JOAU6 COMDTY,3MO TONA OSE      Sep26,future,,True,43.0,98.9,6734923.35,4.47
blueprint,TFPN,04/20/2026,JPY,JPY,JPYUSD061726,JPY/USD FWD  061726,equity,,False,-162991000.0,1.0,-2826.39,0.0
blueprint,TFPN,04/20/2026,KCN6 Comdty,KCN6 Comdty,KCN6 COMDTY,COFFEE 'C' FUTURE Jul26,future,,True,3.0,284.25,319781.25,0.21
blueprint,TFPN,04/20/2026,KER FP,KER FP,5505072,KERING,equity,,False,1502.0,253.6,450005.55,0.3
blueprint,TFPN,04/20/2026,KEX,KEX,497266106,Kirby Corp,equity,,False,6272.0,142.09,891188.48,0.59
blueprint,TFPN,04/20/2026,KEYS,KEYS,49338L103,Keysight Technologies Inc,equity,,False,2548.0,334.34,851898.32,0.57
blueprint,TFPN,04/20/2026,KGS,KGS,50012A108,Kodiak Gas Services Inc,equity,,False,18188.0,63.25,1150391.0,0.76
blueprint,TFPN,04/20/2026,KHC,KHC,500754106,Kraft Heinz Co/The,equity,,False,-20495.0,22.47,-460522.65,-0.31
blueprint,TFPN,04/20/2026,KLAC,KLAC,482480100,KLA CORP,equity,,False,517.0,1791.44,926174.48,0.61
blueprint,TFPN,04/20/2026,KMB,KMB,494368103,Kimberly-Clark Corp,equity,,False,-6914.0,98.84,-683379.76,-0.45
blueprint,TFPN,04/20/2026,KON6 Comdty,KON6 Comdty,KON6 COMDTY,CRUDE PALM OIL FU Jul26,future,,True,22.0,4450.0,619228.34,0.41
blueprint,TFPN,04/20/2026,KRW,KRW,KRWUSD061726,KRW/USD FWD  061726,equity,,False,-2209279000.0,1.0,6792.08,0.0
blueprint,TFPN,04/20/2026,KTOS,KTOS,50077B207,Kratos Defense & Security Solutions Inc,equity,,False,18165.0,70.99,1289533.35,0.86
blueprint,TFPN,04/20/2026,KWN6 Comdty,KWN6 Comdty,KWN6 COMDTY,KC HRW WHEAT FUT  Jul26,future,,True,17.0,650.0,552500.0,0.37
blueprint,TFPN,04/20/2026,LAM26 Comdty,LAM26 Comdty,LAM26 COMDTY,LME PRI ALUM FUTR Jun26,future,,True,20.0,3580.1,1790050.0,1.19
blueprint,TFPN,04/20/2026,LBOK6 Comdty,LBOK6 Comdty,LBOK6 COMDTY,Lumber Future     May26,future,,True,-36.0,581.5,-575685.0,-0.38
blueprint,TFPN,04/20/2026,LCM6 Comdty,LCM6 Comdty,LCM6 COMDTY,LIVE CATTLE FUTR  Jun26,future,,True,19.0,247.35,1879860.0,1.25
blueprint,TFPN,04/20/2026,LEU,LEU,15643U104,Centrus Energy Corp,equity,,False,3519.0,203.63,716573.97,0.48
blueprint,TFPN,04/20/2026,LHX,LHX,502431109,L3Harris Technologies Inc,equity,,False,3107.0,350.35,1088537.45,0.72
blueprint,TFPN,04/20/2026,LIN   260618C00490000,LIN   260618C00490000,LIN   260618C00490000,LIN US 06/18/26 C490,option,call,True,13.0,20.55,26715.0,0.02
blueprint,TFPN,04/20/2026,LIN   260618P00490000,LIN   260618P00490000,LIN   260618P00490000,LIN US 06/18/26 P490,option,put,True,-13.0,16.65,-21645.0,-0.01
blueprint,TFPN,04/20/2026,LITE,LITE,55024U109,Lumentum Holdings Inc,equity,,False,4582.0,894.07,4096628.74,2.72
blueprint,TFPN,04/20/2026,LKQ,LKQ,501889208,LKQ Corp,equity,,False,-7902.0,31.12,-245910.24,-0.16
blueprint,TFPN,04/20/2026,LLM6 Comdty,LLM6 Comdty,LLM6 COMDTY,LME LEAD FUTURE   Jun26,future,,True,-15.0,1957.68,-734130.0,-0.49
blueprint,TFPN,04/20/2026,LNG,LNG,16411R208,Cheniere Energy Inc,equity,,False,2058.0,251.07,516702.06,0.34
blueprint,TFPN,04/20/2026,LNM6 Comdty,LNM6 Comdty,LNM6 COMDTY,LME NICKEL FUTURE Jun26,future,,True,6.0,18054.3007,649954.83,0.43
blueprint,TFPN,04/20/2026,LPM26 Comdty,LPM26 Comdty,LPM26 COMDTY,LME COPPER FUTURE Jun26,future,,True,6.0,13345.6,2001840.0,1.33
blueprint,TFPN,04/20/2026,LRCX,LRCX,512807306,Lam Research Corp,equity,,False,5257.0,267.6,1406773.2,0.93
blueprint,TFPN,04/20/2026,LSK6 Comdty,LSK6 Comdty,LSK6 COMDTY,INT'L LIVE CATTLE May26,future,,True,57.0,347.4,1312747.4,0.87
blueprint,TFPN,04/20/2026,LTM6 Comdty,LTM6 Comdty,LTM6 COMDTY,LME TIN FUTURE    Jun26,future,,True,5.0,50655.0,1266375.0,0.84
blueprint,TFPN,04/20/2026,LUN CN,LUN CN,2866857,Lundin Mining Corp,equity,,False,42145.0,40.32,1243395.46,0.83
blueprint,TFPN,04/20/2026,LXM6 Comdty,LXM6 Comdty,LXM6 COMDTY,LME ZINC FUTURE   Jun26,future,,True,11.0,3465.31,952960.25,0.63
blueprint,TFPN,04/20/2026,LYB,LYB,N53745100,LyondellBasell Industries NV,equity,,False,5165.0,66.27,342284.55,0.23
blueprint,TFPN,04/20/2026,MA,MA,57636Q104,Mastercard Inc,equity,,False,-1381.0,521.3,-719915.3,-0.48
blueprint,TFPN,04/20/2026,MBB,MBB,464288588,iShares MBS ETF,equity,,False,11439.0,95.55,1092996.45,0.73
blueprint,TFPN,04/20/2026,MBG GR,MBG GR,5529027,Mercedes-Benz Group AG,equity,,False,6795.0,52.66,422735.78,0.28
blueprint,TFPN,04/20/2026,MDLZ,MDLZ,609207105,Mondelez International Inc,equity,,False,-5044.0,57.25,-288769.0,-0.19
blueprint,TFPN,04/20/2026,MDT,MDT,G5960L103,Medtronic PLC,equity,,False,-1767.0,86.19,-152297.73,-0.1
blueprint,TFPN,04/20/2026,MKC,MKC,579780206,McCormick & Co Inc/MD,equity,,False,-11124.0,53.85,-599027.4,-0.4
blueprint,TFPN,04/20/2026,MLM,MLM,573284106,Martin Marietta Materials Inc,equity,,False,780.0,622.02,485175.6,0.32
blueprint,TFPN,04/20/2026,MNST,MNST,61174X109,Monster Beverage Corp,equity,,False,10239.0,76.72,785536.08,0.52
blueprint,TFPN,04/20/2026,MOS,MOS,61945C103,Mosaic Co/The,equity,,False,8209.0,24.57,201695.13,0.13
blueprint,TFPN,04/20/2026,MP,MP,553368101,MP Materials Corp,equity,,False,8227.0,60.99,501764.73,0.33
blueprint,TFPN,04/20/2026,MRK,MRK,58933Y105,Merck & Co Inc,equity,,False,6458.0,119.07,768954.06,0.51
blueprint,TFPN,04/20/2026,MRSH,MRSH,571748102,Marsh & McLennan Cos Inc,equity,,False,-4078.0,175.8,-716912.4,-0.48
blueprint,TFPN,04/20/2026,MRVL  260618C00097500,MRVL  260618C00097500,MRVL  260618C00097500,MRVL US 06/18/26 C97.5,option,call,True,10.0,44.5,44500.0,0.03
blueprint,TFPN,04/20/2026,MRVL  260618C00105000,MRVL  260618C00105000,MRVL  260618C00105000,MRVL US 06/18/26 C105,option,call,True,14.0,38.4,53760.0,0.04
blueprint,TFPN,04/20/2026,MRVL  260618P00097500,MRVL  260618P00097500,MRVL  260618P00097500,MRVL US 06/18/26 P97.5,option,put,True,-10.0,2.025,-2025.0,0.0
blueprint,TFPN,04/20/2026,MRVL  260618P00105000,MRVL  260618P00105000,MRVL  260618P00105000,MRVL US 06/18/26 P105,option,put,True,-14.0,3.11,-4354.0,0.0
blueprint,TFPN,04/20/2026,MSFT,MSFT,594918104,Microsoft Corp,equity,,False,-1525.0,422.79,-644754.75,-0.43
blueprint,TFPN,04/20/2026,MTZ,MTZ,576323109,MasTec Inc,equity,,False,3405.0,370.89,1262880.45,0.84
blueprint,TFPN,04/20/2026,MU,MU,595112103,Micron Technology Inc,equity,,False,3684.0,455.07,1676477.88,1.11
blueprint,TFPN,04/20/2026,MUB,MUB,464288414,iShares National Muni Bond ETF,equity,,False,39960.0,107.37,4290505.2,2.85
blueprint,TFPN,04/20/2026,MWEN26 Comdty,MWEN26 Comdty,MWEN26 COMDTY,MIAX Red Wheat FutJul26,future,,True,5.0,6.7025,167562.5,0.11
blueprint,TFPN,04/20/2026,MXN,MXN,MXNUSD061726,MXN/USD FWD  061726,equity,,False,38383000.0,1.0,64197.84,0.04
blueprint,TFPN,04/20/2026,NEE,NEE,65339F101,NextEra Energy Inc,equity,,False,8968.0,91.98,824876.64,0.55
blueprint,TFPN,04/20/2026,NESN SW,NESN SW,7123870,Nestle SA,equity,,False,-1402.0,76.385,-137499.87,-0.09
blueprint,TFPN,04/20/2026,NET,NET,18915M107,Cloudflare Inc,equity,,False,1293.0,200.99,259880.07,0.17
blueprint,TFPN,04/20/2026,NGK26 Comdty,NGK26 Comdty,NGK26 COMDTY,NATURAL GAS FUTR  May26,future,,True,2.0,2.674,53480.0,0.04
blueprint,TFPN,04/20/2026,NOC,NOC,666807102,Northrop Grumman Corp,equity,,False,1608.0,665.26,1069738.08,0.71
blueprint,TFPN,04/20/2026,NOK,NOK,CHFNOK052026,NOK/CHF FWD  052026,equity,,False,18758740.32,1.0,-2569.02,0.0
blueprint,TFPN,04/20/2026,NOK,NOK,EURNOK052026,NOK/EUR FWD  052026,equity,,False,22957205.95,1.0,6692.22,0.0
blueprint,TFPN,04/20/2026,NOK,NOK,GBPNOK052026,NOK/GBP FWD  052026,equity,,False,20126786.5,1.0,4302.08,0.0
blueprint,TFPN,04/20/2026,NOK,NOK,JPYNOK052026,NOK/JPY FWD  052026,equity,,False,18047000.0,1.0,13811.12,0.01
blueprint,TFPN,04/20/2026,NOK,NOK,NOKSEK052026,NOK/SEK FWD  052026,equity,,False,24074000.0,1.0,-11512.58,-0.01
blueprint,TFPN,04/20/2026,NOK,NOK,NOKUSD061726,NOK/USD FWD  061726,equity,,False,11952000.0,1.0,35106.45,0.02
blueprint,TFPN,04/20/2026,NSC,NSC,655844108,Norfolk Southern Corp,equity,,False,2950.0,302.38,892021.0,0.59
blueprint,TFPN,04/20/2026,NTES,NTES,64110W102,NETEASE INC,equity,,False,-1931.0,118.2,-228244.2,-0.15
blueprint,TFPN,04/20/2026,NTR,NTR,67077M108,Nutrien Ltd,equity,,False,8983.0,70.62,634379.46,0.42
blueprint,TFPN,04/20/2026,NU,NU,G6683N103,NU Holdings Ltd/Cayman Islands,equity,,False,14440.0,15.34,221509.6,0.15
blueprint,TFPN,04/20/2026,NUE,NUE,670346105,Nucor Corp,equity,,False,3262.0,195.87,638927.94,0.42
blueprint,TFPN,04/20/2026,NVDA,NVDA,67066G104,NVIDIA Corp,equity,,False,2741.0,201.68,552804.88,0.37
blueprint,TFPN,04/20/2026,NVT,NVT,G6700G107,nVent Electric PLC,equity,,False,9126.0,134.69,1229180.94,0.82
blueprint,TFPN,04/20/2026,NXE,NXE,65340P106,NexGen Energy Ltd,equity,,False,37542.0,12.69,476407.98,0.32
blueprint,TFPN,04/20/2026,NXT,NXT,65290E101,Nextpower Inc,equity,,False,5756.0,111.39,641160.84,0.43
blueprint,TFPN,04/20/2026,NZD,NZD,JPYNZD052026,NZD/JPY FWD  052026,equity,,False,2620000.0,1.0,2036.52,0.0
blueprint,TFPN,04/20/2026,NZD,NZD,NZDUSD061726,NZD/USD FWD  061726,equity,,False,-1402000.0,1.0,299.09,0.0
blueprint,TFPN,04/20/2026,O,O,756109104,Realty Income Corp,equity,,False,18442.0,65.09,1200389.78,0.8
blueprint,TFPN,04/20/2026,O K6 Comdty,O K6 Comdty,O K6 COMDTY,OAT FUTURE        May26,future,,True,9.0,331.5,149175.0,0.1
blueprint,TFPN,04/20/2026,OATM6 Comdty,OATM6 Comdty,OATM6 COMDTY,Euro-OAT Future   Jun26,future,,True,-12.0,120.22,-1704341.66,-1.13
blueprint,TFPN,04/20/2026,OEM6 Comdty,OEM6 Comdty,OEM6 COMDTY,EURO-BOBL FUTURE  Jun26,future,,True,-27.0,116.11,-3703668.26,-2.46
blueprint,TFPN,04/20/2026,ON    260618C00060000,ON    260618C00060000,ON    260618C00060000,ON US 06/18/26 C60,option,call,True,64.0,24.2,154880.0,0.1
blueprint,TFPN,04/20/2026,ON    260618P00060000,ON    260618P00060000,ON    260618P00060000,ON US 06/18/26 P60,option,put,True,-64.0,0.975,-6240.0,0.0
blueprint,TFPN,04/20/2026,ORA,ORA,686688102,Ormat Technologies Inc,equity,,False,6334.0,113.04,715995.36,0.48
blueprint,TFPN,04/20/2026,ORLY,ORLY,67103H107,O'Reilly Automotive Inc,equity,,False,-7326.0,93.71,-686519.46,-0.46
blueprint,TFPN,04/20/2026,ORN6 Comdty,ORN6 Comdty,ORN6 COMDTY,TSR20 FOB FUT SCE Jul26,future,,True,103.0,200.6,1033090.0,0.69
blueprint,TFPN,04/20/2026,OXY   260618C00050000,OXY   260618C00050000,OXY   260618C00050000,OXY US 06/18/26 C50,option,call,True,72.0,5.55,39960.0,0.03
blueprint,TFPN,04/20/2026,OXY   260618P00050000,OXY   260618P00050000,OXY   260618P00050000,OXY US 06/18/26 P50,option,put,True,-72.0,1.56,-11232.0,-0.01
blueprint,TFPN,04/20/2026,PAM6 Comdty,PAM6 Comdty,PAM6 COMDTY,PALLADIUM FUTURE  Jun26,future,,True,3.0,1600.8,480240.0,0.32
blueprint,TFPN,04/20/2026,PAYC,PAYC,70432V102,Paycom Software Inc,equity,,False,-3169.0,126.93,-402241.17,-0.27
blueprint,TFPN,04/20/2026,PAYX,PAYX,704326107,Paychex Inc,equity,,False,-5727.0,91.96,-526654.92,-0.35
blueprint,TFPN,04/20/2026,PEP,PEP,713448108,PepsiCo Inc,equity,,False,4623.0,157.67,728908.41,0.48
blueprint,TFPN,04/20/2026,PFE,PFE,717081103,Pfizer Inc,equity,,False,19986.0,27.56,550814.16,0.37
blueprint,TFPN,04/20/2026,PFF,PFF,464288687,iShares Preferred and Income Securities ETF,equity,,False,40663.0,31.46,1279257.98,0.85
blueprint,TFPN,04/20/2026,PGR,PGR,743315103,Progressive Corp/The,equity,,False,-3316.0,202.58,-671755.28,-0.45
blueprint,TFPN,04/20/2026,PHP,PHP,PHPUSD052026,PHP/USD FWD  052026,equity,,False,-138979000.0,1.0,5299.55,0.0
blueprint,TFPN,04/20/2026,PLN,PLN,PLNUSD061726,PLN/USD FWD  061726,equity,,False,1613000.0,1.0,2326.89,0.0
blueprint,TFPN,04/20/2026,PLN6 Comdty,PLN6 Comdty,PLN6 COMDTY,PLATINUM FUTURE   Jul26,future,,True,10.0,2141.7,1070850.0,0.71
blueprint,TFPN,04/20/2026,PRU,PRU,744320102,Prudential Financial Inc,equity,,False,-3035.0,101.65,-308507.75,-0.2
blueprint,TFPN,04/20/2026,PSA,PSA,74460D109,Public Storage,equity,,False,2075.0,309.22,641631.5,0.43
blueprint,TFPN,04/20/2026,PWR,PWR,74762E102,Quanta Services Inc,equity,,False,1769.0,601.88,1064725.72,0.71
blueprint,TFPN,04/20/2026,PYPL,PYPL,70450Y103,PayPal Holdings Inc,equity,,False,-12714.0,50.81,-645998.34,-0.43
blueprint,TFPN,04/20/2026,QCOM,QCOM,747525103,QUALCOMM Inc,equity,,False,-4683.0,136.2,-637824.6,-0.42
blueprint,TFPN,04/20/2026,QSM6 Comdty,QSM6 Comdty,QSM6 COMDTY,Low Su Gasoil G   Jun26,future,,True,7.0,969.0,678300.0,0.45
blueprint,TFPN,04/20/2026,QSR,QSR,76131D103,Restaurant Brands International Inc,equity,,False,8101.0,78.32,634470.32,0.42
blueprint,TFPN,04/20/2026,QWQ6 Comdty,QWQ6 Comdty,QWQ6 COMDTY,WHITE SUGAR (ICE) Aug26,future,,True,-29.0,412.3,-597835.0,-0.4
blueprint,TFPN,04/20/2026,RACE  260618C00350000,RACE  260618C00350000,RACE  260618C00350000,RACE US 06/18/26 C350,option,call,True,-17.0,33.35,-56695.0,-0.04
blueprint,TFPN,04/20/2026,RACE  260618P00350000,RACE  260618P00350000,RACE  260618P00350000,RACE US 06/18/26 P350,option,put,True,17.0,11.75,19975.0,0.01
blueprint,TFPN,04/20/2026,RBC,RBC,75524B104,RBC Bearings Inc,equity,,False,1695.0,589.77,999660.15,0.66
blueprint,TFPN,04/20/2026,REGN,REGN,75886F107,Regeneron Pharmaceuticals Inc,equity,,False,596.0,750.57,447339.72,0.3
blueprint,TFPN,04/20/2026,RIO,RIO,767204100,Rio Tinto PLC,equity,,False,10937.0,100.15,1095340.55,0.73
blueprint,TFPN,04/20/2026,RJF,RJF,754730109,Raymond James Financial Inc,equity,,False,-2359.0,151.75,-357978.25,-0.24
blueprint,TFPN,04/20/2026,ROK,ROK,773903109,Rockwell Automation Inc,equity,,False,1426.0,415.73,592830.98,0.39
blueprint,TFPN,04/20/2026,ROP,ROP,776696106,Roper Technologies Inc,equity,,False,-1491.0,362.44,-540398.04,-0.36
blueprint,TFPN,04/20/2026,ROST,ROST,778296103,Ross Stores Inc,equity,,False,5776.0,227.82,1315888.32,0.87
blueprint,TFPN,04/20/2026,RRK6 Comdty,RRK6 Comdty,RRK6 COMDTY,ROUGH RICE (CBOT) May26,future,,True,-40.0,11.1,-888000.0,-0.59
blueprint,TFPN,04/20/2026,RSG,RSG,760759100,Republic Services Inc,equity,,False,-2725.0,207.66,-565873.5,-0.38
blueprint,TFPN,04/20/2026,RSN6 Comdty,RSN6 Comdty,RSN6 COMDTY,CANOLA FUTR (WCE) Jul26,future,,True,24.0,712.0,250071.34,0.17
blueprint,TFPN,04/20/2026,RWE GR,RWE GR,4768962,RWE AG,equity,,False,22359.0,55.9,1476600.04,0.98
blueprint,TFPN,04/20/2026,RXM6 Comdty,RXM6 Comdty,RXM6 COMDTY,EURO-BUND FUTURE  Jun26,future,,True,-20.0,126.1,-2979502.63,-1.98
blueprint,TFPN,04/20/2026,S K6 Comdty,S K6 Comdty,S K6 COMDTY,SOYBEAN FUTURE    May26,future,,True,22.0,1167.25,1283975.0,0.85
blueprint,TFPN,04/20/2026,SAP,SAP,803054204,SAP SE,equity,,False,-2779.0,181.22,-503610.38,-0.33
blueprint,TFPN,04/20/2026,SBN6 Comdty,SBN6 Comdty,SBN6 COMDTY,SUGAR #11 (WORLD) Jul26,future,,True,-44.0,13.48,-664294.4,-0.44
blueprint,TFPN,04/20/2026,SCCO,SCCO,84265V105,Southern Copper Corp,equity,,False,5177.639,194.32,1006118.81,0.67
blueprint,TFPN,04/20/2026,SCOK6 Comdty,SCOK6 Comdty,SCOK6 COMDTY,IODEX IO FUT      May26,future,,True,81.0,105.8,856980.0,0.57
blueprint,TFPN,04/20/2026,SDIM6 Index,SDIM6 Index,SDIM6 INDEX,ESTX SelDiv30 F   Jun26,index,,False,99.0,2257.5,2640350.88,1.75
blueprint,TFPN,04/20/2026,SEK,SEK,EURSEK052026,SEK/EUR FWD  052026,equity,,False,34710331.19,1.0,23476.34,0.02
blueprint,TFPN,04/20/2026,SEK,SEK,GBPSEK052026,SEK/GBP FWD  052026,equity,,False,17188829.92,1.0,10949.75,0.01
blueprint,TFPN,04/20/2026,SEK,SEK,JPYSEK052026,SEK/JPY FWD  052026,equity,,False,15367000.0,1.0,15879.16,0.01
blueprint,TFPN,04/20/2026,SEK,SEK,SEKUSD061726,SEK/USD FWD  061726,equity,,False,5961000.0,1.0,-12826.79,-0.01
blueprint,TFPN,04/20/2026,SFIU7 Comdty,SFIU7 Comdty,SFIU7 COMDTY,ICE 3MTH SONIA FU Sep27,future,,True,-44.0,96.13,-14349902.97,-9.53
blueprint,TFPN,04/20/2026,SFIU8 Comdty,SFIU8 Comdty,SFIU8 COMDTY,ICE 3MTH SONIA FU Sep28,future,,True,-40.0,96.14,-13046723.39,-8.66
blueprint,TFPN,04/20/2026,SFRU28 Comdty,SFRU28 Comdty,SFRU28 COMDTY,3 MONTH SOFR FUT  Sep28,future,,True,-27.0,96.605,-6520837.5,-4.33
blueprint,TFPN,04/20/2026,SFRU7 Comdty,SFRU7 Comdty,SFRU7 COMDTY,3 MONTH SOFR FUT  Sep27,future,,True,-54.0,96.64,-13046400.0,-8.66
blueprint,TFPN,04/20/2026,SIK6 Comdty,SIK6 Comdty,SIK6 COMDTY,SILVER FUTURE     May26,future,,True,4.0,81.842,1636840.0,1.09
blueprint,TFPN,04/20/2026,SLB   260618C00045000,SLB   260618C00045000,SLB   260618C00045000,SLB US 06/18/26 C45,option,call,True,119.0,8.85,105315.0,0.07
blueprint,TFPN,04/20/2026,SLB   260618P00045000,SLB   260618P00045000,SLB   260618P00045000,SLB US 06/18/26 P45,option,put,True,-119.0,0.69,-8211.0,-0.01
blueprint,TFPN,04/20/2026,SLGN,SLGN,827048109,Silgan Holdings Inc,equity,,False,-15446.0,41.99,-648577.54,-0.43
blueprint,TFPN,04/20/2026,SMN6 Comdty,SMN6 Comdty,SMN6 COMDTY,SOYBEAN MEAL FUTR Jul26,future,,True,-10.0,327.2,-327200.0,-0.22
blueprint,TFPN,04/20/2026,SNY,SNY,80105N105,Sanofi SA,equity,,False,-13791.0,48.06,-662795.46,-0.44
blueprint,TFPN,04/20/2026,SONY,SONY,835699307,Sony Group Corp,equity,,False,-31063.0,21.7,-674067.1,-0.45
blueprint,TFPN,04/20/2026,SSYH7 Comdty,SSYH7 Comdty,SSYH7 COMDTY,Three-Month SARON Mar27,future,,True,-90.0,99.875,-28852635.3,-19.16
blueprint,TFPN,04/20/2026,SSYU7 Comdty,SSYU7 Comdty,SSYU7 COMDTY,Three-Month SARON Sep27,future,,True,-67.0,99.82,-21467355.72,-14.25
blueprint,TFPN,04/20/2026,STLD,STLD,858119100,Steel Dynamics Inc,equity,,False,3654.0,200.32,731969.28,0.49
blueprint,TFPN,04/20/2026,STNG,STNG,Y7542C130,Scorpio Tankers Inc,equity,,False,6567.0,75.21,493904.07,0.33
blueprint,TFPN,04/20/2026,STZ,STZ,21036P108,Constellation Brands Inc,equity,,False,-3739.0,162.28,-606764.92,-0.4
blueprint,TFPN,04/20/2026,SU,SU,867224107,Suncor Energy Inc,equity,,False,16860.0,61.16,1031157.6,0.68
blueprint,TFPN,04/20/2026,SUK6 Comdty,SUK6 Comdty,SUK6 COMDTY,SUNFLOWER SEED    May26,future,,True,-34.0,8628.0,-907471.63,-0.6
blueprint,TFPN,04/20/2026,SYK,SYK,863667101,Stryker Corp,equity,,False,-454.0,343.32,-155867.28,-0.1
blueprint,TFPN,04/20/2026,TD,TD,891160509,Toronto-Dominion Bank/The,equity,,False,10055.0,105.35,1059294.25,0.7
blueprint,TFPN,04/20/2026,TDG,TDG,893641100,TransDigm Group Inc,equity,,False,-506.0,1265.88,-640535.28,-0.43
blueprint,TFPN,04/20/2026,TECK,TECK,878742204,Teck Resources Ltd,equity,,False,8080.0,59.38,479790.4,0.32
blueprint,TFPN,04/20/2026,TEL,TEL,G87052109,TE Connectivity PLC,equity,,False,2541.0,246.14,625441.74,0.42
blueprint,TFPN,04/20/2026,THB,THB,THBUSD061726,THB/USD FWD  061726,equity,,False,-36376000.0,1.0,-103594.01,-0.07
blueprint,TFPN,04/20/2026,TIP,TIP,464287176,ISHARES BARCLAYS TIPS BOND FUND,equity,,False,19159.0,111.48,2135845.32,1.42
blueprint,TFPN,04/20/2026,TKO,TKO,87256C101,TKO Group Holdings Inc,equity,,False,7171.0,186.31,1336029.01,0.89
blueprint,TFPN,04/20/2026,TMO,TMO,883556102,Thermo Fisher Scientific Inc,equity,,False,428.0,526.6,225384.8,0.15
blueprint,TFPN,04/20/2026,TMUS,TMUS,872590104,T-Mobile US Inc,equity,,False,-2193.0,197.67,-433490.31,-0.29
blueprint,TFPN,04/20/2026,TRI,TRI,884903808,Thomson Reuters Corp,equity,,False,-4534.0,93.01,-421707.34,-0.28
blueprint,TFPN,04/20/2026,TROW,TROW,74144T108,T Rowe Price Group Inc,equity,,False,-3354.0,96.98,-325270.92,-0.22
blueprint,TFPN,04/20/2026,TS,TS,88031M109,Tenaris SA,equity,,False,12075.0,58.61,707715.75,0.47
blueprint,TFPN,04/20/2026,TSN,TSN,902494103,Tyson Foods Inc,equity,,False,10435.0,64.82,676396.7,0.45
blueprint,TFPN,04/20/2026,TTE,TTE,F92124100,TotalEnergies SE,equity,,False,12025.0,87.07,1047016.75,0.7
blueprint,TFPN,04/20/2026,TUM6 Comdty,TUM6 Comdty,TUM6 COMDTY,US 2YR NOTE (CBT) Jun26,future,,True,-29.0,103.910156,-6026789.05,-4.0
blueprint,TFPN,04/20/2026,TWD,TWD,TWDUSD052026,TWD/USD FWD  052026,equity,,False,-53267000.0,1.0,-16195.34,-0.01
blueprint,TFPN,04/20/2026,TYM6 Comdty,TYM6 Comdty,TYM6 COMDTY,US 10YR NOTE (CBT)Jun26,future,,True,-17.0,111.71875,-1899218.75,-1.26
blueprint,TFPN,04/20/2026,TZTK6 Comdty,TZTK6 Comdty,TZTK6 COMDTY,TTF NAT GAS F     May26,future,,True,5.0,38.769,170382.99,0.11
blueprint,TFPN,04/20/2026,UBM6 Comdty,UBM6 Comdty,UBM6 COMDTY,EURO-BUXL 30Y BND Jun26,future,,True,-8.0,108.74,-1027727.57,-0.68
blueprint,TFPN,04/20/2026,ULS,ULS,903731107,UL Solutions Inc,equity,,False,6264.0,91.72,574534.08,0.38
blueprint,TFPN,04/20/2026,UPS   260618C00100000,UPS   260618C00100000,UPS   260618C00100000,UPS US 06/18/26 C100,option,call,True,32.0,9.1,29120.0,0.02
blueprint,TFPN,04/20/2026,UPS   260618P00100000,UPS   260618P00100000,UPS   260618P00100000,UPS US 06/18/26 P100,option,put,True,-32.0,3.15,-10080.0,-0.01
blueprint,TFPN,04/20/2026,URI,URI,911363109,United Rentals Inc,equity,,False,263.0,796.15,209387.45,0.14
blueprint,TFPN,04/20/2026,USM6 Comdty,USM6 Comdty,USM6 COMDTY,US LONG BOND(CBT) Jun26,future,,True,-11.0,114.59375,-1260531.25,-0.84
blueprint,TFPN,04/20/2026,U-U CN,U-U CN,BNZKG52,Sprott Physical Uranium Trust,equity,,False,27295.0,28.63,571803.94,0.38
blueprint,TFPN,04/20/2026,UXK6 Index,UXK6 Index,UXK6 INDEX,CBOE VIX FUTURE   May26,future,,True,1.0,20.2916,20291.6,0.01
blueprint,TFPN,04/20/2026,UXYM6 Comdty,UXYM6 Comdty,UXYM6 COMDTY,US 10yr Ultra Fut Jun26,future,,True,-5.0,114.15625,-570781.25,-0.38
blueprint,TFPN,04/20/2026,V,V,92826C839,Visa Inc,equity,,False,-2019.0,317.02,-640063.38,-0.43
blueprint,TFPN,04/20/2026,VALE,VALE,91912E105,Vale SA,equity,,False,53646.0,17.78,953825.88,0.63
blueprint,TFPN,04/20/2026,VCIT,VCIT,92206C870,Vanguard Intermediate-Term Corporate Bond ETF,equity,,False,13653.0,83.48,1139752.44,0.76
blueprint,TFPN,04/20/2026,VCSH,VCSH,92206C409,Vanguard Short-Term Corporate Bond ETF,equity,,False,25526.0,79.52,2029827.52,1.35
blueprint,TFPN,04/20/2026,VIE FP,VIE FP,4031879,Veolia Environnement SA,equity,,False,21406.0,35.55,899029.24,0.6
blueprint,TFPN,04/20/2026,VMI,VMI,920253101,Valmont Industries Inc,equity,,False,2535.0,412.62,1045991.7,0.69
blueprint,TFPN,04/20/2026,VRSK,VRSK,92345Y106,Verisk Analytics Inc,equity,,False,-2291.0,178.07,-407958.37,-0.27
blueprint,TFPN,04/20/2026,W N6 Comdty,W N6 Comdty,W N6 COMDTY,WHEAT FUTURE(CBT) Jul26,future,,True,-4.0,599.25,-119850.0,-0.08
blueprint,TFPN,04/20/2026,WCN,WCN,94106B101,Waste Connections Inc,equity,,False,-5055.0,159.63,-806929.65,-0.54
blueprint,TFPN,04/20/2026,WDAY,WDAY,98138H101,Workday Inc,equity,,False,-3126.0,123.83,-387092.58,-0.26
blueprint,TFPN,04/20/2026,WDC,WDC,958102105,Western Digital Corp,equity,,False,9418.0,372.52,3508393.36,2.33
blueprint,TFPN,04/20/2026,WMS,WMS,00790R104,Advanced Drainage Systems Inc,equity,,False,2407.0,153.37,369161.59,0.25
blueprint,TFPN,04/20/2026,WNM6 Comdty,WNM6 Comdty,WNM6 COMDTY,US ULTRA BOND CBT Jun26,future,,True,-5.0,116.90625,-584531.25,-0.39
blueprint,TFPN,04/20/2026,WTRG,WTRG,29670G102,Essential Utilities Inc,equity,,False,15204.0,39.0,592956.0,0.39
blueprint,TFPN,04/20/2026,WZN6 Comdty,WZN6 Comdty,WZN6 COMDTY,WHITE MAIZE-SAF   Jul26,future,,True,-33.0,3174.0,-648029.62,-0.43
blueprint,TFPN,04/20/2026,XBM6 Comdty,XBM6 Comdty,XBM6 COMDTY,GASOLINE RBOB FUT Jun26,future,,True,5.0,292.95,615195.0,0.41
blueprint,TFPN,04/20/2026,XMM6 Comdty,XMM6 Comdty,XMM6 COMDTY,AUST 10Y BOND FUT Jun26,future,,True,-37.0,94.98,-2530793.61,-1.68
blueprint,TFPN,04/20/2026,XQM6 Comdty,XQM6 Comdty,XQM6 COMDTY,CAN 5YR BOND FUT  Jun26,future,,True,-13.0,113.69,-1081454.65,-0.72
blueprint,TFPN,04/20/2026,XYL,XYL,98419M100,Xylem Inc/NY,equity,,False,-5291.0,121.11,-640793.01,-0.43
blueprint,TFPN,04/20/2026,YMM6 Comdty,YMM6 Comdty,YMM6 COMDTY,AUST 3YR BOND FUT Jun26,future,,True,-101.0,95.325,-6933476.16,-4.6
blueprint,TFPN,04/20/2026,YOU,YOU,18467V109,Clear Secure Inc,equity,,False,11376.0,53.03,603269.28,0.4
blueprint,TFPN,04/20/2026,YSAK6 Comdty,YSAK6 Comdty,YSAK6 COMDTY,SOYBEAN FUTURE    May26,future,,True,-21.0,6752.0,-877254.74,-0.58
blueprint,TFPN,04/20/2026,YWN6 Comdty,YWN6 Comdty,YWN6 COMDTY,YELLOW MAIZE-SAF  Jul26,future,,True,-32.0,3310.0,-655317.81,-0.44
blueprint,TFPN,04/20/2026,ZAR,ZAR,EURZAR052026,EUR/ZAR FWD  052026,equity,,False,46671263.9,1.0,2938.2,0.0
blueprint,TFPN,04/20/2026,ZAR,ZAR,USDZAR061726,USD/ZAR FWD  061726,equity,,False,28370000.0,1.0,30437.39,0.02
blueprint,TFPN,04/20/2026,ZBH,ZBH,98956P102,ZIMMER BIOMET HOLDINGS INC,equity,,False,-6392.0,94.78,-605833.76,-0.4
blueprint,TFPN,04/20/2026,ZBZ6 Comdty,ZBZ6 Comdty,ZBZ6 COMDTY,NEW ZEAL 3MO BILL Dec26,future,,True,63.0,96.67,3603269.45,2.39
blueprint,TFPN,04/20/2026,ZS,ZS,98980G102,Zscaler Inc,equity,,False,-775.0,134.68,-104377.0,-0.07
blueprint,TFPN,04/20/2026,ZTS,ZTS,98978V103,Zoetis Inc,equity,,False,-5731.0,121.85,-698322.35,-0.46
blueprint,TFPN,04/20/2026,Cash&Other,Cash&Other,Cash&Other,Cash & Other,cash,,False,41292647.98,1.0,41292647.98,27.42
